{
    "\uae40\ubbfc\uc7ac": 7.454008340835571,
    "\uae40\ubbfc": 14.623270988464355
}